Designator,Mid X,Mid Y,Layer,Rotation
C474,5.7536mm,3.4149979999999998mm,Bottom,270.0
R470,2.1mm,2.4999979999999997mm,Bottom,180.0
U471,7.135mm,3.446998mm,Top,180.0
R474,8.0mm,3.414598mm,Bottom,180.0
R473,6.7404mm,2.949998mm,Bottom,270.0
R472,4.225mm,2.4999979999999997mm,Bottom,180.0
C473,8.1mm,4.399998mm,Bottom,180.0
C472,8.1mm,2.549998mm,Bottom,0.0
U470,3.16mm,3.446998mm,Top,180.0
R471,2.1mm,3.399998mm,Bottom,0.0
C471,2.15mm,4.399998mm,Bottom,0.0
C470,4.275mm,4.399998mm,Bottom,180.0
